path,metric,configured_period_ms,configured_timeout_ms,sample_count,measured_rate_hz,p50_ms,p95_ms,p99_ms,max_ms,evidence,notes
vision,marker_interarrival,33.333,,898,29.966,33.342,34.445,35.440,66.156,passive_30s,"one doubled interval"
vision,marker_header_age,,,899,,63.890,65.305,66.417,67.122,passive_30s,"ZED image stamp to observer"
vision,marker_processing,,,899,,4.422,5.535,6.576,8.155,diagnostic_30s,"reported by marker node"
vision,rig_timestamp_skew,,25,899,,3.704,3.976,4.194,5.809,diagnostic_30s,"two rigs required"
device,encoder_interarrival,,,2727,90.909,10.986,11.866,12.427,13.266,passive_30s,"host-published ENC"
device,position_interarrival,,,2728,90.910,10.991,11.568,11.924,12.768,passive_30s,"host-published POS"
device,pos_enc_arrival_skew,,,2728,,0.204,0.603,1.036,1.893,passive_30s,"observer callback arrival"
device,pos_enc_header_skew,,,2728,,0.128,0.297,0.395,0.561,passive_30s,"host receipt stamps"
controller,status_interarrival,100,,299,10.000,100.004,100.310,100.506,100.871,passive_30s,"all DISARMED"
controller,reported_position_age,,150,300,,6.070,11.093,11.363,11.794,diagnostic_30s,"controller cache age"
controller,reported_encoder_age,,150,300,,19.714,25.112,27.659,70.564,diagnostic_30s,"isolated tail"
controller,reported_feedback_pair_skew,,150,300,,10.618,21.074,21.501,65.990,diagnostic_30s,"larger than raw observer pair skew"
controller,reported_marker_age,,150,300,,17.616,20.664,23.269,64.214,diagnostic_30s,"accepted-correction commit age"
controller,encoder_recurrence,20,,,,,,,,source,"latest-only input; execution not traced"
controller,marker_correction,50,150,,,,,,,source,"Gauss-Newton plus rewind/replay; execution not traced"
controller,future_observation_tolerance,,20,,,,,,,source,"equal to one encoder timer period"
controller,mppi_plan,66.667,80,,,,,,,source,"not executed while disarmed"
controller,command_heartbeat,10,150,,,,,,,source,"no commands while disarmed"
manager,safety_heartbeat,200,500,149,5.000,200.024,200.233,200.328,200.354,passive_30s,"fresh transient-local status"
manager,source_watchdog_tick,50,500,,,,,,,source,"no active source"
manager,feedback_watchdog_tick,50,250,,,,,,,source,"no active source"
serial,pending_request_watchdog,10,1000,,,,,,,source,"no operational requests from audit"
firmware,nominal_control_cycle,10,,,,,,,,source,"observed feedback rate is 90.91 Hz"
firmware,pc_silence_watchdog,,10000,,,,,,,source,"not exercised"
firmware,motor_ack_attempt,,50,,,,,,,source,"not exercised"
controller,mppi_plan_elapsed,66.667,80,133,,22.082,29.059,33.465,34.508,shadow_60s,"133 ACTIVE diagnostic samples; zero deadline misses"
controller,reported_encoder_age_shadow,,150,600,,21.864,29.444,60.306,95.001,shadow_60s,"mixed 13.3 s ACTIVE and disarmed window"
controller,reported_feedback_pair_skew_shadow,,150,600,,11.017,21.934,54.361,87.493,shadow_60s,"raw observer skew max 1.156 ms"
controller,reported_marker_age_shadow,,150,600,,18.440,23.019,24.291,69.016,shadow_60s,"accepted-correction commit age"
vision,marker_interarrival_shadow,33.333,,1789,29.833,33.338,34.258,34.951,101.106,shadow_60s,"all diagnostics TRACKING; isolated three-period gap"
vision,marker_processing_shadow,,,1790,,3.199,4.210,4.779,8.304,shadow_60s,"reported by marker node"
device,pos_enc_arrival_skew_shadow,,,5454,,0.213,0.490,0.702,1.156,shadow_60s,"observer callback arrival"
controller,marker_runtime_lock_hold_window_max,,,1799,,36.926,45.883,51.489,96.469,instrumented_shadow_180s,"distribution of 100 ms diagnostic-window maxima"
controller,encoder_runtime_lock_wait_window_max,,,1800,,26.648,41.926,48.537,87.700,instrumented_shadow_180s,"blocked behind shared runtime owner"
controller,plan_snapshot_lock_wait_window_max,,,1204,,22.160,39.107,44.279,52.142,instrumented_shadow_180s,"active/warmup windows only"
controller,plan_snapshot_lock_hold_window_max,,,1204,,0.547,1.362,1.805,3.390,instrumented_shadow_180s,"clone critical section"
controller,encoder_timer_lateness_window_max,20,,1800,,9.099,32.610,44.635,74.750,instrumented_shadow_180s,"distribution of 100 ms diagnostic-window maxima"
controller,encoder_callback_duration_window_max,20,,1800,,28.414,44.401,51.610,90.856,instrumented_shadow_180s,"includes runtime-lock wait and recurrence"
controller,plan_callback_duration_window_max,66.667,80,1799,,46.406,67.664,74.363,86.648,instrumented_shadow_180s,"complete wrapper callback; zero reported deadline misses"
controller,reported_encoder_age_instrumented,,150,1800,,19.764,51.898,85.838,107.700,instrumented_shadow_180s,"mixed 120.1 s ACTIVE and disarmed window"
controller,reported_feedback_pair_skew_instrumented,,150,1800,,10.722,43.986,76.689,98.735,instrumented_shadow_180s,"raw arrival skew max 1.517 ms"
controller,causal_estimator_owner,20,,,,,,,,post_remediation_source,"sole mutable-runtime owner; live timing pending"
controller,mppi_plan_commit_budget,66.667,60,,,,,,,post_remediation_source,"callback entry through command commit; live timing pending"
controller,plan_snapshot_wait_window_max_post,66.667,,1202,,0.000239,0.000611,0.000894,0.133782,post_remediation_shadow_180s,"replace-only exchange; distribution of diagnostic-window maxima"
controller,plan_callback_duration_window_max_post,66.667,60,1801,,19.0127,32.7919,38.9420,72.9487,post_remediation_shadow_180s,"complete callback; zero reported command-commit deadline misses"
controller,plan_timer_lateness_window_max_post,66.667,,1801,,0.306208,0.506443,0.608729,7.16826,post_remediation_shadow_180s,"distribution of diagnostic-window maxima"
controller,marker_owner_duration_window_max_post,,,1800,,35.4981,46.3714,52.4327,93.1014,post_remediation_shadow_180s,"marker work unchanged; runs synchronously in estimator owner"
controller,estimator_callback_duration_window_max_post,20,,1800,,41.7197,54.1335,60.9516,107.173,post_remediation_shadow_180s,"combined encoder/marker owner; overruns nominal period"
controller,estimator_timer_lateness_window_max_post,20,,1801,,22.6647,36.9804,47.5424,87.8487,post_remediation_shadow_180s,"remaining owner scheduling tail"
controller,reported_encoder_age_post,,150,1801,,23.797,47.257,50.492,92.364,post_remediation_shadow_180s,"P99 improved; P50 increased"
controller,reported_feedback_pair_skew_post,,150,1801,,21.374,43.545,43.866,90.699,post_remediation_shadow_180s,"raw arrival skew max 1.450 ms"
controller,reported_marker_age_post,,150,1801,,25.919,54.907,61.534,102.924,post_remediation_shadow_180s,"typical correction freshness worsened but remained within gate"
controller,marker_owner_duration_window_max_ekf,20,,1800,,25.7969,38.2616,50.6956,95.1401,ekf_shadow_180s,"distribution of 100 ms diagnostic-window maxima; active planner"
controller,estimator_callback_duration_window_max_ekf,20,,1799,,31.7884,47.2679,63.5927,112.845,ekf_shadow_180s,"combined encoder/marker owner; active planner"
controller,estimator_timer_lateness_window_max_ekf,20,,1799,,12.4394,28.4355,45.4732,108.117,ekf_shadow_180s,"owner still overruns nominal period"
controller,plan_callback_duration_window_max_ekf,66.667,60,1799,,22.7035,33.9041,43.2476,84.7561,ekf_shadow_180s,"at least one isolated deadline miss; no repeated miss"
controller,marker_correction_rate_ekf,50,,2991,16.616,,,,,ekf_shadow_180s,"accepted-observation counter increase; configured 20 Hz quantized by 50 Hz owner"
controller,marker_owner_duration_window_max_ukf,20,,1653,,13.4443,20.2913,26.6148,47.2765,ukf_shadow_180s,"vision-available windows; planner inactive"
controller,estimator_callback_duration_window_max_ukf,20,,1800,,18.0463,25.3243,33.7244,61.5573,ukf_shadow_180s,"planner inactive; includes 14.9 s vision outage"
controller,estimator_timer_lateness_window_max_ukf,20,,1800,,0.4144,6.0137,14.8897,54.9316,ukf_shadow_180s,"planner inactive; not directly comparable to EKF CPU load"
vision,marker_interarrival_ukf,33.333,,4930,27.394,33.3312,34.2056,34.9910,14899.7194,ukf_shadow_180s,"one 14.9 s synchronized-output outage"
controller,marker_owner_duration_window_max_ukf_active,20,,1800,,16.5398,29.6190,41.2134,80.9648,ukf_active_shadow_180s,"matched active-planner run; distribution of diagnostic-window maxima"
controller,estimator_callback_duration_window_max_ukf_active,20,,1799,,21.7320,37.9010,53.7924,112.414,ukf_active_shadow_180s,"combined encoder/marker owner; worst tail remains unbounded"
controller,estimator_timer_lateness_window_max_ukf_active,20,,1799,,2.4283,18.8802,37.5030,112.090,ukf_active_shadow_180s,"matched active-planner run"
controller,plan_callback_duration_window_max_ukf_active,66.667,60,1800,,16.4225,36.1925,46.2504,83.4753,ukf_active_shadow_180s,"isolated deadline misses; no repeated-miss fault"
controller,marker_correction_rate_ukf_active,50,,2983,16.572,,,,,ukf_active_shadow_180s,"accepted-observation counter increase; same limiter quantization"
vision,marker_interarrival_ukf_active,33.333,,5231,29.072,33.331,34.310,35.078,101.331,ukf_active_shadow_180s,"all marker diagnostics TRACKING"
controller,marker_correction_phase_fixed,50,,41,20.0,,,,,post_remediation_unit,"absolute phase over 2 s simulated 50 Hz owner; live pending"
controller,marker_internal_phase_timing,20,,,,,,,,post_remediation_source,"rewind/correction/replay/total exposed; live pending"
controller,mppi_internal_phase_timing,66.667,60,,,,,,,post_remediation_source,"sample projection/rollout/cost/final projection exposed; live pending"
controller,marker_correction_rate_ukf_post,50,,3596,19.977,,,,,ukf_post_remediation_shadow_180s,"accepted-observation increase over 180.007 s; phase fix verified"
controller,marker_rewind_phase_ukf_post,20,,1800,,1.07508,2.74968,5.54006,7.34949,ukf_post_remediation_shadow_180s,"status-sampled current correction phase"
controller,marker_filter_phase_ukf_post,20,,1800,,8.42778,15.0886,19.0283,31.5736,ukf_post_remediation_shadow_180s,"UKF update only"
controller,marker_replay_phase_ukf_post,20,,1800,,7.16097,12.9443,16.6118,26.0163,ukf_post_remediation_shadow_180s,"causal replay only"
controller,marker_total_phase_ukf_post,20,,1800,,16.4012,28.3798,32.9023,60.4339,ukf_post_remediation_shadow_180s,"complete marker runtime operation"
controller,marker_owner_duration_window_max_ukf_post,20,,1800,,17.4445,31.1121,42.5054,61.188,ukf_post_remediation_shadow_180s,"distribution of diagnostic-window maxima"
controller,estimator_callback_duration_window_max_ukf_post,20,,1800,,22.0518,41.0487,53.2779,83.0355,ukf_post_remediation_shadow_180s,"combined owner; still overruns timer"
controller,plan_callback_duration_window_max_ukf_post,66.667,60,1800,,19.4982,39.1289,50.1381,93.0404,ukf_post_remediation_shadow_180s,"one isolated miss; 90.978 ms learned rollout"
vision,marker_interarrival_ukf_post,33.333,,5387,29.933,33.3344,34.2234,34.8705,101.618,ukf_post_remediation_shadow_180s,"all diagnostics TRACKING"
controller,rollout_concurrent_torch1,,,500,,12.0176,22.4601,24.8283,27.6690,offline_contention_benchmark,"one intra-op/one inter-op; concurrent 20 Hz synthetic UKF"
controller,rollout_concurrent_torch2,,,500,,11.8908,22.6561,25.0051,26.3073,offline_contention_benchmark,"two intra-op/one inter-op; selected default"
controller,rollout_concurrent_torch4,,,500,,13.6007,27.6007,31.8422,41.2626,offline_contention_benchmark,"four intra-op/one inter-op; prior default"
controller,mppi_plan_ukf_torch2_live,66.667,60,1106,,25.326,33.1225,39.2052,43.050,ukf_torch2_shadow_180s,"ACTIVE samples only; no deadline miss"
controller,mppi_rollout_ukf_torch2_live,66.667,60,1106,,23.626,31.2218,36.0137,40.829,ukf_torch2_shadow_180s,"learned rollout phase"
controller,plan_callback_duration_window_max_ukf_torch2,66.667,60,1800,,18.8984,39.5560,46.9832,60.3337,ukf_torch2_shadow_180s,"zero deadline misses; max may include post-commit/nonplanning work"
controller,marker_total_phase_ukf_torch2,20,,1800,,12.6331,26.8661,31.3909,34.3218,ukf_torch2_shadow_180s,"status-sampled current marker update"
controller,estimator_callback_duration_window_max_ukf_torch2,20,,1800,,20.9144,42.5773,48.4129,61.0691,ukf_torch2_shadow_180s,"owner still exceeds 20 ms period"
controller,marker_correction_rate_ukf_torch2,50,,3597,19.983,,,,,ukf_torch2_shadow_180s,"accepted-observation increase over 180.003 s"
vision,marker_interarrival_ukf_torch2,33.333,,5379,29.889,33.3309,34.2439,34.9361,134.320,ukf_torch2_shadow_180s,"all diagnostics TRACKING; one sub-timeout gap"
controller,mppi_plan_powered_multitarget,66.667,60,1788,,24.719,34.6857,42.1204,65.737,powered_multitarget_20260911_204642,"status-sampled current plans; one deadline-zero status, no repeated-deadline fault"
controller,plan_callback_window_max_powered_multitarget,66.667,60,,,,,,,powered_multitarget_20260911_204642,"final fault window max 105.890 ms with 48.552 ms timer lateness"
controller,estimator_callback_window_max_powered_multitarget,20,,,,,,,,powered_multitarget_20260911_204642,"final fault window max 93.175 ms with 78.809 ms timer lateness"
controller,command_commit_gap_at_stale_fault,,150,1,,,,,247.278,powered_multitarget_20260911_204642,"last plan publication to planned_command_stale transition"
controller,mppi_plan_cuda_offline_1024x4,66.667,60,100,,14.859,15.808,16.616,16.905,gpu_preflight_20260914_190835,"100 valid plans; isolated non-actuating benchmark"
controller,mppi_plan_cuda_shared_truth_fault,66.667,60,1,,,,,77.174,gpu_sim_20260914_191121,"deadline-miss window; normal preceding plans were 37.8--49.6 ms"
controller,mppi_plan_grouped_cost_1mm_s,66.667,60,658,,42.5235,,52.8873,63.038,sim_20260916_152434,"four isolated plans above deadline; action completed"
controller,mppi_plan_grouped_cost_3mm_s,66.667,60,814,,42.8440,,53.1819,78.897,sim_20260916_152629,"five isolated plans above deadline; endpoint pause was path topology, not timing"
controller,mppi_plan_branch_fix_3mm_s,66.667,60,290,,42.6740,50.6050,53.8630,61.791,sim_20260916_154350,"one isolated plan above deadline; full path completed without pause or fault"
controller,estimator_timer_lateness_cuda_shared_truth,20,,1,,,,,221.924,gpu_sim_20260914_191121,"same diagnostic window as deadline and pair-skew fault"
controller,encoder_owner_cuda_shared_truth,20,,1,,,,,43.733,gpu_sim_20260914_191121,"same diagnostic window"
